0,0,0,R0010146.JPG
0,1,0,R0010147.JPG
0,2,0,R0010148.JPG
0,3,0,R0010149.JPG
0,4,0,R0010150.JPG
0,5,0,R0010151.JPG
0,0,1,R0010152.JPG
0,2,1,R0010153.JPG
0,3,1,R0010154.JPG
0,4,1,R0010155.JPG
0,5,1,R0010156.JPG
0,0,2,R0010157.JPG
0,1,2,R0010158.JPG
0,2,2,R0010159.JPG
0,3,2,R0010160.JPG
0,4,2,R0010161.JPG
0,5,2,R0010162.JPG
0,0,3,R0010163.JPG
0,1,3,R0010165.JPG
0,2,3,R0010166.JPG
0,3,3,R0010167.JPG
0,4,3,R0010168.JPG
0,5,3,R0010169.JPG
0,0,4,R0010170.JPG
0,1,4,R0010171.JPG
0,2,4,R0010172.JPG
0,3,4,R0010173.JPG
0,4,4,R0010174.JPG
0,5,4,R0010175.JPG
0,6,0,R0010176.JPG
0,7,0,R0010177.JPG
0,8,0,R0010178.JPG
0,6,1,R0010179.JPG
0,7,1,R0010180.JPG
0,8,1,R0010181.JPG
0,6,2,R0010182.JPG
0,7,2,R0010183.JPG
0,8,2,R0010184.JPG
0,6,3,R0010185.JPG
0,7,3,R0010186.JPG
0,8,3,R0010187.JPG
0,6,4,R0010188.JPG
0,7,4,R0010189.JPG
0,8,4,R0010190.JPG
0,0,5,R0010194.JPG
0,1,5,R0010195.JPG
0,2,5,R0010196.JPG
0,3,5,R0010197.JPG
0,4,5,R0010198.JPG
0,5,5,R0010199.JPG
0,6,5,R0010200.JPG
0,7,5,R0010201.JPG
0,8,5,R0010202.JPG
0,0,6,R0010203.JPG
0,1,6,R0010204.JPG
0,2,6,R0010205.JPG
0,3,6,R0010206.JPG
0,4,6,R0010207.JPG
0,5,6,R0010208.JPG
0,6,6,R0010209.JPG
0,7,6,R0010210.JPG
0,8,6,R0010211.JPG
0,0,7,R0010212.JPG
0,1,7,R0010213.JPG
0,2,7,R0010214.JPG
0,3,7,R0010215.JPG
0,4,7,R0010216.JPG
0,5,7,R0010217.JPG
0,6,7,R0010218.JPG
0,7,7,R0010219.JPG
0,8,7,R0010220.JPG